# CONSERVE EXEMPLU FICTIV SRL — companie fictivă, exemplu generat; nu este o entitate reală / fictional company, a generated sample; not a real entity
account,account_name,statement,engine_bucket,balance_sheet_section,balance_sheet_row,pl_line,amount_ron,status,note
1012,Capital subscris vărsat,BS,shareCapital,equity,share_capital,,400000.00,mapped,
1061,Rezerve legale,BS,otherEquity,equity,legal_reserves,,80000.00,mapped,
1068,Alte rezerve,BS,otherEquity,equity,other_reserves,,210000.00,mapped,
117,Rezultatul reportat,BS,retainedEarnings,equity,retained_earnings_prior_years,,1945433.08,mapped,
121,Profit sau pierdere,,,equity,current_year_profit,,391558.34,excluded:profit_control_account_121,
1518,Alte provizioane,BS,otherNonCurrentLiab,provisions,provisions_lt,,50025.43,mapped,
1621,Credite bancare pe termen lung,BS,ltDebt,non_current_liabilities,lt_debt_bank,,1460000.00,mapped,
167,Alte împrumuturi și datorii asimilate (leasing),BS,ltDebt,non_current_liabilities,lt_debt_other,,141400.00,mapped,
208,Alte imobilizări necorporale (programe informatice),BS,intangibles,non_current_assets,intangibles_other,,62224.03,mapped,
211,Terenuri și amenajări de terenuri,BS,ppe,non_current_assets,ppe_land,,310000.00,mapped,
212,Construcții,BS,ppe,non_current_assets,ppe_buildings,,1640000.00,mapped,
2131,"Echipamente tehnologice (mașini, utilaje și instalații de lucru)",BS,ppe,non_current_assets,ppe_machinery_equipment,,2778347.03,mapped,
2133,Mijloace de transport,BS,ppe,non_current_assets,ppe_machinery_equipment,,477964.77,mapped,
214,"Mobilier, aparatură birotică, alte active corporale",BS,ppe,non_current_assets,ppe_furniture_office,,108429.31,mapped,
231,Imobilizări corporale în curs de execuție,BS,ppe,non_current_assets,ppe_under_construction,,97773.16,mapped,
2808,Amortizarea altor imobilizări necorporale,BS,intangibles,non_current_assets,accumulated_amortization_intangibles,,-43673.91,mapped,
2812,Amortizarea construcțiilor,BS,ppe,non_current_assets,accumulated_depreciation_ppe,,-492057.21,mapped,
2813,Amortizarea instalațiilor și mijloacelor de transport,BS,ppe,non_current_assets,accumulated_depreciation_ppe,,-1623430.27,mapped,
2814,Amortizarea altor imobilizări corporale,BS,ppe,non_current_assets,accumulated_depreciation_ppe,,-73991.46,mapped,
301,Materii prime,BS,inventory,current_assets,inventory_raw_materials,,325078.53,mapped,
3022,Combustibili,BS,inventory,current_assets,inventory_consumables,,6120.00,mapped,
3028,Alte materiale consumabile,BS,inventory,current_assets,inventory_consumables,,19804.09,mapped,
303,Materiale de natura obiectelor de inventar,BS,inventory,current_assets,inventory_consumables,,13982.09,mapped,
331,Produse în curs de execuție,BS,inventory,current_assets,inventory_wip,,31087.29,mapped,
345,Produse finite,BS,inventory,current_assets,inventory_finished_goods,,1073661.99,mapped,
371,Mărfuri,BS,inventory,current_assets,inventory_merchandise_resale,,63106.44,mapped,
381,Ambalaje,BS,inventory,current_assets,inventory_packaging,,123299.29,mapped,
401,Furnizori,BS,ap,current_liabilities,ap_trade,,933631.42,mapped,
404,Furnizori de imobilizări,BS,ap,current_liabilities,ap_trade,,58051.41,mapped,
408,Furnizori - facturi nesosite,BS,ap,current_liabilities,accrued_expenses,,27500.00,mapped,
409,Furnizori - debitori,BS,otherCurrentAssets,current_assets,ar_supplier_advances,,21000.00,mapped,
4111,Clienți,BS,ar,current_assets,ar_trade_gross,,1373873.59,mapped,
4118,Clienți incerți sau în litigiu,BS,ar,current_assets,ar_doubtful_gross,,55932.10,mapped,
419,Clienți - creditori,BS,otherCurrentLiab,current_liabilities,customer_advances,,7000.00,mapped,
421,Personal - salarii datorate,BS,otherCurrentLiab,current_liabilities,ap_personnel_salaries,,93769.05,mapped,
4315,Contribuția de asigurări sociale,BS,otherCurrentLiab,current_liabilities,ap_personnel_social,,39806.87,mapped,
4316,Contribuția de asigurări sociale de sănătate,BS,otherCurrentLiab,current_liabilities,ap_personnel_social,,15922.75,mapped,
436,Contribuția asiguratorie pentru muncă,BS,otherCurrentLiab,current_liabilities,ap_personnel_social,,3582.62,mapped,
4411,Impozitul pe profit curent,BS,otherCurrentLiab,current_liabilities,ap_tax,,24908.62,mapped,
4423,TVA de plată,BS,otherCurrentLiab,current_liabilities,ap_tax,,9189.96,mapped,
4426,TVA deductibilă,,,,,,,no_closing_balance,
4427,TVA colectată,,,,,,,no_closing_balance,
444,Impozitul pe venituri de natura salariilor,BS,otherCurrentLiab,current_liabilities,ap_tax,,9728.80,mapped,
446,"Alte impozite, taxe și vărsăminte asimilate",BS,otherCurrentLiab,current_liabilities,ap_tax,,4616.36,mapped,
457,Dividende de plată,,,,,,,no_closing_balance,
462,Creditori diverși,BS,otherCurrentLiab,current_liabilities,ap_other,,6018.82,mapped,
471,Cheltuieli înregistrate în avans,BS,otherCurrentAssets,prepaid_expenses,prepaid_expenses_st,,14100.00,mapped,
4751,Subvenții guvernamentale pentru investiții,BS,otherNonCurrentLiab,deferred_income,government_grants_deferred,,180000.00,mapped,
491,Ajustări pentru deprecierea creanțelor - clienți,BS,ar,current_assets,ar_provisions,,-47274.13,mapped,
5121,Conturi la bănci în lei,BS,cash,current_assets,cash_operating,,186605.82,mapped,
5124,Conturi la bănci în valută,BS,cash,current_assets,cash_fx,,34275.10,mapped,
5191,Credite bancare pe termen scurt,BS,stDebt,current_liabilities,st_debt_bank,,450000.00,mapped,
5311,Casa în lei,BS,cash,current_assets,cash_operating,,5905.88,mapped,
581,Viramente interne,,,,,,,excluded:transit_account_581,
601,Cheltuieli cu materiile prime,PL,cogs,,,cogs,3497935.04,mapped,
6022,Cheltuieli privind combustibilii,PL,cogs,,,cogs,131020.07,mapped,
6028,Cheltuieli privind alte materiale consumabile,PL,cogs,,,cogs,106659.01,mapped,
603,Cheltuieli privind materialele de natura obiectelor de inventar,PL,operatingExpenses,,,opex_excluding_cogs_and_da,42856.65,mapped,
604,Cheltuieli privind materialele nestocate,PL,operatingExpenses,,,opex_excluding_cogs_and_da,26015.95,mapped,
605,Cheltuieli privind utilitățile,PL,operatingExpenses,,,opex_excluding_cogs_and_da,475414.37,mapped,
607,Cheltuieli privind mărfurile,PL,cogs,,,cogs,468139.60,mapped,
608,Cheltuieli privind ambalajele,PL,operatingExpenses,,,opex_excluding_cogs_and_da,656598.34,mapped,
611,Cheltuieli cu întreținerea și reparațiile,PL,operatingExpenses,,,opex_excluding_cogs_and_da,118362.67,mapped,
612,"Cheltuieli cu redevențele, locațiile de gestiune și chiriile",PL,operatingExpenses,,,opex_excluding_cogs_and_da,143897.71,mapped,
613,Cheltuieli cu primele de asigurare,PL,operatingExpenses,,,opex_excluding_cogs_and_da,39089.50,mapped,
623,"Cheltuieli privind protocolul, reclama și publicitatea",PL,operatingExpenses,,,opex_excluding_cogs_and_da,52083.05,mapped,
624,Cheltuieli cu transportul de bunuri și personal,PL,operatingExpenses,,,opex_excluding_cogs_and_da,301073.45,mapped,
625,"Cheltuieli cu deplasări, detașări și transferări",PL,operatingExpenses,,,opex_excluding_cogs_and_da,16946.79,mapped,
626,Cheltuieli poștale și taxe de telecomunicații,PL,operatingExpenses,,,opex_excluding_cogs_and_da,17514.33,mapped,
627,Cheltuieli cu serviciile bancare și asimilate,PL,operatingExpenses,,,opex_excluding_cogs_and_da,21428.42,mapped,
628,Alte cheltuieli cu serviciile executate de terți,PL,operatingExpenses,,,opex_excluding_cogs_and_da,171411.26,mapped,
635,"Cheltuieli cu alte impozite, taxe și vărsăminte asimilate",PL,operatingExpenses,,,opex_excluding_cogs_and_da,43900.97,mapped,
641,Cheltuieli cu salariile personalului,PL,operatingExpenses,,,opex_excluding_cogs_and_da,1910729.52,mapped,
6422,Cheltuieli cu tichetele de masă acordate salariaților,PL,operatingExpenses,,,opex_excluding_cogs_and_da,162702.71,mapped,
646,Cheltuieli privind contribuția asiguratorie pentru muncă,PL,operatingExpenses,,,opex_excluding_cogs_and_da,42991.41,mapped,
654,Pierderi din creanțe și debitori diverși,PL,operatingExpenses,,,opex_excluding_cogs_and_da,14149.32,mapped,
6581,"Despăgubiri, amenzi și penalități",PL,operatingExpenses,,,opex_excluding_cogs_and_da,3111.36,mapped,
6588,Alte cheltuieli de exploatare,PL,operatingExpenses,,,opex_excluding_cogs_and_da,11498.12,mapped,
665,Cheltuieli din diferențe de curs valutar,PL,financialExpense,,,financial_expense,6874.19,mapped,
666,Cheltuieli privind dobânzile,PL,interestExpense,,,interest_expense,164171.34,mapped,
6811,Cheltuieli de exploatare privind amortizarea imobilizărilor,PL,depreciation,,,depreciation,400705.85,mapped,
6812,Cheltuieli de exploatare privind provizioanele,PL,depreciation,,,net_provisions,40129.38,mapped,
6814,Cheltuieli de exploatare privind ajustările pentru deprecierea activelor circulante,PL,depreciation,,,net_provisions,19004.60,mapped,
691,Cheltuieli cu impozitul pe profit,PL,taxExpense,,,income_tax,75175.18,mapped,
701,Venituri din vânzarea produselor finite,PL,revenue,,,turnover,8870995.50,mapped,
704,Venituri din servicii prestate,PL,revenue,,,turnover,85750.68,mapped,
707,Venituri din vânzarea mărfurilor,PL,revenue,,,turnover,607859.74,mapped,
709,Reduceri comerciale acordate,PL,revenue,,,turnover,-205782.02,mapped,
711,Venituri aferente costurilor stocurilor de produse,PL,otherIncome,,,inventory_variation,6369207.10,mapped,served_net_derived_from_121=123740.06
7584,Venituri din subvenții pentru investiții,PL,otherIncome,,,other_operating_income,36000.00,mapped,
7588,Alte venituri din exploatare,PL,otherIncome,,,other_operating_income,15498.35,mapped,
765,Venituri din diferențe de curs valutar,PL,financialIncome,,,financial_income,4311.56,mapped,
766,Venituri din dobânzi,PL,financialIncome,,,financial_income,2590.60,mapped,
7812,Venituri din provizioane,PL,otherIncome,,,net_provisions,18034.71,mapped,
7814,Venituri din ajustări pentru deprecierea activelor circulante,PL,otherIncome,,,net_provisions,14149.32,mapped,
